key,code,instantiation-moment,heading,description,department,email,link
# Datos para code
claim-01,C-0001,2000/04/23 21:00,Lorem ipsum,Lorem ipsum,Lorem ipsum,claim01@gmail.com,https://es.wikipedia.org/wiki/Curso
claim-02,C-0002,2000/04/23 21:00,Lorem ipsum,Lorem ipsum,Lorem ipsum,claim02@gmail.com,https://es.wikipedia.org/wiki/Curso
claim-03,C-0003,2000/04/23 21:00,Lorem ipsum,Lorem ipsum,Lorem ipsum,claim03@gmail.com,https://es.wikipedia.org/wiki/Curso
claim-03.4,C-9999,2000/04/23 21:00,Lorem ipsum,Lorem ipsum,Lorem ipsum,claim03@gmail.com,https://es.wikipedia.org/wiki/Curso
# Datos para instantiation-moment
claim-03.5,C-5003,2000/01/01 00:00,Lorem ipsum,Lorem ipsum,Lorem ipsum,claim03@gmail.com,https://es.wikipedia.org/wiki/Curso
claim-03.6,C-6003,2000/01/01 00:01,Lorem ipsum,Lorem ipsum,Lorem ipsum,claim03@gmail.com,https://es.wikipedia.org/wiki/Curso
claim-03.1,C-1003,2004/02/29 00:00,Lorem ipsum,Lorem ipsum,Lorem ipsum,claim03@gmail.com,https://es.wikipedia.org/wiki/Curso
claim-03.2,C-2003,2022/07/30 00:00,Lorem ipsum,Lorem ipsum,Lorem ipsum,claim03@gmail.com,https://es.wikipedia.org/wiki/Curso
claim-03.3,C-3003,2022/07/29 23:59,Lorem ipsum,Lorem ipsum,Lorem ipsum,claim03@gmail.com,https://es.wikipedia.org/wiki/Curso
claim-03.44,C-4003,2019/06/25 19:40,Lorem ipsum,Lorem ipsum,Lorem ipsum,claim03@gmail.com,https://es.wikipedia.org/wiki/Curso
# Datos para heading
claim-04,C-0004,2000/04/23 21:00,L,Lorem ipsum,Lorem ipsum,claim04@gmail.com,https://es.wikipedia.org/wiki/Curso
claim-05,C-0005,2000/04/23 21:00,Lo,Lorem ipsum,Lorem ipsum,claim05@gmail.com,https://es.wikipedia.org/wiki/Curso
claim-06,C-0006,2000/04/23 21:00,LoremipsumLoremipsumLoremipsumLoremipsumLoremipsumLoremipsumLoremipsumLorem,Lorem ipsum,Lorem ipsum,claim06@gmail.com,https://es.wikipedia.org/wiki/Curso
claim-07,C-0007,2000/04/23 21:00,LoremipsumLoremipsumLoremipsumLoremipsumLoremipsumLoremipsumLoremipsumLore,Lorem ipsum,Lorem ipsum,claim07@gmail.com,https://es.wikipedia.org/wiki/Curso
claim-08,C-0008,2000/04/23 21:00,æ¨£æœ¬æ¨™é¡Œ,Lorem ipsum,Lorem ipsum,claim08@gmail.com,https://es.wikipedia.org/wiki/Curso
claim-09,C-0009,2000/04/23 21:00,貸んい建濯よ芝弾テソ,Lorem ipsum,Lorem ipsum,claim09@gmail.com,https://es.wikipedia.org/wiki/Curso
claim-10,C-0010,2000/04/23 21:00,<p>This text is in HTML</p>,Lorem ipsum,Lorem ipsum,claim10@gmail.com,https://es.wikipedia.org/wiki/Curso
claim-11,C-0011,2000/04/23 21:00,<script>alert('Hi')</script>,Lorem ipsum,Lorem ipsum,claim11@gmail.com,https://es.wikipedia.org/wiki/Curso
claim-12,C-0012,2000/04/23 21:00,' or 'A'='A',Lorem ipsum,Lorem ipsum,claim12@gmail.com,https://es.wikipedia.org/wiki/Curso
claim-13,C-0013,2000/04/23 21:00,SELECT c FROM Contract OR 1=1,Lorem ipsum,Lorem ipsum,claim13@gmail.com,https://es.wikipedia.org/wiki/Curso
claim-13.1,C-1013,2000/04/23 21:00,<h1>!</h1>,Lorem ipsum,Lorem ipsum,claim13@gmail.com,https://es.wikipedia.org/wiki/Curso
claim-13.2,C-2013,2000/04/23 21:00,العظمى واعتلاء,Lorem ipsum,Lorem ipsum,claim13@gmail.com,https://es.wikipedia.org/wiki/Curso
# Datos para description
claim-14,C-0014,2000/04/23 21:00,Lorem ipsum,L,Lorem ipsum,claim14@gmail.com,https://es.wikipedia.org/wiki/Curso
claim-15,C-0015,2000/04/23 21:00,Lorem ipsum,Lo,Lorem ipsum,claim15@gmail.com,https://es.wikipedia.org/wiki/Curso
claim-16,C-0016,2000/04/23 21:00,Lorem ipsum,LoremipsumLoremipsumLoremipsumLoremipsumLoremipsumLoremipsumLoremipsumLoremipsumLoremipsumLoremipsum,Lorem ipsum,claim16@gmail.com,https://es.wikipedia.org/wiki/Curso
claim-17,C-0017,2000/04/23 21:00,Lorem ipsum,LoremipsumLoremipsumLoremipsumLoremipsumLoremipsumLoremipsumLoremipsumLoremipsumLoremipsumLoremipsu,Lorem ipsum,claim17@gmail.com,https://es.wikipedia.org/wiki/Curso
claim-18,C-0018,2000/04/23 21:00,Lorem ipsum,æ¨£æœ¬æ¨™é¡Œ,Lorem ipsum,claim18@gmail.com,https://es.wikipedia.org/wiki/Curso
claim-19,C-0019,2000/04/23 21:00,Lorem ipsum,貸んい建濯よ芝弾テソ,Lorem ipsum,claim19@gmail.com,https://es.wikipedia.org/wiki/Curso
claim-20,C-0020,2000/04/23 21:00,Lorem ipsum,<p>This text is in HTML</p>,Lorem ipsum,claim20@gmail.com,https://es.wikipedia.org/wiki/Curso
claim-21,C-0021,2000/04/23 21:00,Lorem ipsum,<script>alert('Hi')</script>,Lorem ipsum,claim21@gmail.com,https://es.wikipedia.org/wiki/Curso
claim-22,C-0022,2000/04/23 21:00,Lorem ipsum,' or 'A'='A',Lorem ipsum,claim22@gmail.com,https://es.wikipedia.org/wiki/Curso
claim-23,C-0023,2000/04/23 21:00,Lorem ipsum,SELECT c FROM Contract OR 1=1,Lorem ipsum,claim23@gmail.com,https://es.wikipedia.org/wiki/Curso
claim-23.1,C-1023,2000/04/23 21:00,Lorem ipsum,<h1>!</h1>,Lorem ipsum,claim23@gmail.com,https://es.wikipedia.org/wiki/Curso
claim-23.2,C-2023,2000/04/23 21:00,Lorem ipsum,العظمى واعتلاء,Lorem ipsum,claim23@gmail.com,https://es.wikipedia.org/wiki/Curso
# Datos para department
claim-24,C-0024,2000/04/23 21:00,Lorem ipsum,Lorem ipsum,L,claim24@gmail.com,https://es.wikipedia.org/wiki/Curso
claim-25,C-0025,2000/04/23 21:00,Lorem ipsum,Lorem ipsum,Lo,claim25@gmail.com,https://es.wikipedia.org/wiki/Curso
claim-26,C-0026,2000/04/23 21:00,Lorem ipsum,Lorem ipsum,LoremipsumLoremipsumLoremipsumLoremipsumLoremipsumLoremipsumLoremipsumLoremipsumLoremipsumLoremipsum,claim26@gmail.com,https://es.wikipedia.org/wiki/Curso
claim-27,C-0027,2000/04/23 21:00,Lorem ipsum,Lorem ipsum,LoremipsumLoremipsumLoremipsumLoremipsumLoremipsumLoremipsumLoremipsumLoremipsumLoremipsumLoremipsu,claim27@gmail.com,https://es.wikipedia.org/wiki/Curso
claim-28,C-0028,2000/04/23 21:00,Lorem ipsum,Lorem ipsum,æ¨£æœ¬æ¨™é¡Œ,claim28@gmail.com,https://es.wikipedia.org/wiki/Curso
claim-29,C-0029,2000/04/23 21:00,Lorem ipsum,Lorem ipsum,貸んい建濯よ芝弾テソ,claim29@gmail.com,https://es.wikipedia.org/wiki/Curso
claim-30,C-0030,2000/04/23 21:00,Lorem ipsum,Lorem ipsum,<p>This text is in HTML</p>,claim30@gmail.com,https://es.wikipedia.org/wiki/Curso
claim-31,C-0031,2000/04/23 21:00,Lorem ipsum,Lorem ipsum,<script>alert('Hi')</script>,claim31@gmail.com,https://es.wikipedia.org/wiki/Curso
claim-32,C-0032,2000/04/23 21:00,Lorem ipsum,Lorem ipsum,' or 'A'='A',claim32@gmail.com,https://es.wikipedia.org/wiki/Curso
claim-33,C-0033,2000/04/23 21:00,Lorem ipsum,Lorem ipsum,SELECT c FROM Contract OR 1=1,claim33@gmail.com,https://es.wikipedia.org/wiki/Curso
claim-33.1,C-1033,2000/04/23 21:00,Lorem ipsum,Lorem ipsum,<h1>!</h1>,claim33@gmail.com,https://es.wikipedia.org/wiki/Curso
claim-33.2,C-2033,2000/04/23 21:00,Lorem ipsum,Lorem ipsum,العظمى واعتلاء,claim33@gmail.com,https://es.wikipedia.org/wiki/Curso
# Datos para email
claim-34,C-0034,2000/04/23 21:00,Lorem ipsum,Lorem ipsum,Lorem ipsum,c@gmail.com,https://es.wikipedia.org/wiki/Curso
claim-34.1,C-1034,2000/04/23 21:00,Lorem ipsum,Lorem ipsum,Lorem ipsum,c@e.c,https://es.wikipedia.org/wiki/Curso
claim-34.2,C-2034,2000/04/23 21:00,Lorem ipsum,Lorem ipsum,Lorem ipsum,co@ex.co,https://es.wikipedia.org/wiki/Curso
claim-34.3,C-3034,2000/04/23 21:00,Lorem ipsum,Lorem ipsum,Lorem ipsum,email12345@example.com,https://es.wikipedia.org/wiki/Curso
claim-34.4,C-4034,2000/04/23 21:00,Lorem ipsum,Lorem ipsum,Lorem ipsum,email_12345@example.com,https://es.wikipedia.org/wiki/Curso
claim-34.5,C-5034,2000/04/23 21:00,Lorem ipsum,Lorem ipsum,Lorem ipsum,い建@example.com,https://es.wikipedia.org/wiki/Curso
claim-34.6,C-6034,2000/04/23 21:00,Lorem ipsum,Lorem ipsum,Lorem ipsum,¨£æœ¬æ¨™é@example.com,https://es.wikipedia.org/wiki/Curso
claim-34.7,C-7034,2000/04/23 21:00,Lorem ipsum,Lorem ipsum,Lorem ipsum,,https://es.wikipedia.org/wiki/Curso
claim-34.8,C-8034,2000/04/23 21:00,Lorem ipsum,Lorem ipsum,Lorem ipsum,null,https://es.wikipedia.org/wiki/Curso
claim-34.9,C-9034,2000/04/23 21:00,Lorem ipsum,Lorem ipsum,Lorem ipsum,acme@lorem-ipsum.org,https://es.wikipedia.org/wiki/Curso
claim-34.10,C-0134,2000/04/23 21:00,Lorem ipsum,Lorem ipsum,Lorem ipsum,a@b.e,https://es.wikipedia.org/wiki/Curso
claim-34.11,C-1134,2000/04/23 21:00,Lorem ipsum,Lorem ipsum,Lorem ipsum,a@b.es,https://es.wikipedia.org/wiki/Curso
claim-34.12,C-2134,2000/04/23 21:00,Lorem ipsum,Lorem ipsum,Lorem ipsum,a@b.esx,https://es.wikipedia.org/wiki/Curso
claim-34.13,C-3134,2000/04/23 21:00,Lorem ipsum,Lorem ipsum,Lorem ipsum,acme.password@lorem-ipsum.org,https://es.wikipedia.org/wiki/Curso
claim-34.14,C-4134,2000/04/23 21:00,Lorem ipsum,Lorem ipsum,Lorem ipsum,lorem-ipsum@dolor.sit.amet.a.consectetur.adipiscing.el.it.sed.do.eiusmod.tempor.incididunt.ut.labore.et.dolore.magna.aliqua.Ut.enim.ad.minim.veniam.quis.nostrud.exercitation.ullamco.laboris.nisi.ut.aliquip.ex.ea.commodo.consequat.duis.aute.irure.dolor.es,https://es.wikipedia.org/wiki/Curso
claim-34.15,C-5134,2000/04/23 21:00,Lorem ipsum,Lorem ipsum,Lorem ipsum,lorem-ipsum@dolor.sit.amet.a.consectetur.adipiscing.el.it.sed.do.eiusmod.tempor.incididunt.ut.labore.et.dolore.magna.aliqua.Ut.enim.ad.minim.veniam.quis.nostrud.exercitation.ullamco.laboris.nisi.ut.aliquip.ex.ea.commodo.consequat.duis.aute.ilrure.dolor.es,https://es.wikipedia.org/wiki/Curso
# Datos para link
claim-35,C-0035,2000/04/23 21:00,Lorem ipsum,Lorem ipsum,Lorem ipsum,claim35@gmail.com,https://es.wikipedia.org/wiki/CursoCursoCursoCursoCursoCursoCursoCursoCursoCursoCursoCursoCursoCursoCursoCursoCursoCursoCursoCursoCursoCursoCursoCursoCursoCursoCursoCursoCursoCursoCursoCursoCursoCursoCursoCursoCursoCursoCursoCursoCursoCursoCursoCursoCurso
claim-36,C-0036,2000/04/23 21:00,Lorem ipsum,Lorem ipsum,Lorem ipsum,claim36@gmail.com,https://es.wikipedia.org/wiki/CursoCursoCursoCursoCursoCursoCursoCursoCursoCursoCursoCursoCursoCursoCursoCursoCursoCursoCursoCursoCursoCursoCursoCursoCursoCursoCursoCursoCursoCursoCursoCursoCursoCursoCursoCursoCursoCursoCursoCursoCursoCursoCursoCursoCurs
claim-37,C-0037,2000/04/23 21:00,Lorem ipsum,Lorem ipsum,Lorem ipsum,claim37@gmail.com,null
claim-38,C-0038,2000/04/23 21:00,Lorem ipsum,Lorem ipsum,Lorem ipsum,claim38@gmail.com,
claim-38.1,C-1038,2000/04/23 21:00,Lorem ipsum,Lorem ipsum,Lorem ipsum,email12345@example.com,ftp://www.example.com/myProfile
claim-38.2,C-2038,2000/04/23 21:00,Lorem ipsum,Lorem ipsum,Lorem ipsum,c@gmail.com,https://www.example.com?ejemplo=ejemplo&id=4
claim-38.3,C-3038,2000/04/23 21:00,Lorem ipsum,Lorem ipsum,Lorem ipsum,c@gmail.com,https://www.example.com?
claim-38.4,C-4038,2000/04/23 21:00,Lorem ipsum,Lorem ipsum,Lorem ipsum,c@gmail.com,https://www.んい建濯よ芝.com
claim-38.5,C-5038,2000/04/23 21:00,Lorem ipsum,Lorem ipsum,Lorem ipsum,c@gmail.com,https://www.lorem-ipsum.org
claim-38.6,C-6038,2000/04/23 21:00,Lorem ipsum,Lorem ipsum,Lorem ipsum,c@gmail.com,ftp://www.lorem-ipsum.org
claim-38.7,C-7038,2000/04/23 21:00,Lorem ipsum,Lorem ipsum,Lorem ipsum,c@gmail.com,http://www.lorem-ipsum.org/dolor/sit.html
claim-38.8,C-8038,2000/04/23 21:00,Lorem ipsum,Lorem ipsum,Lorem ipsum,c@gmail.com,http://www.lorem-ipsum.org/dolor/sit.html#dolor
claim-38.9,C-9038,2000/04/23 21:00,Lorem ipsum,Lorem ipsum,Lorem ipsum,c@gmail.com,http://example.org?a=1&b=2
claim-38.10,C-0138,2000/04/23 21:00,Lorem ipsum,Lorem ipsum,Lorem ipsum,c@gmail.com,http://example.org?
claim-38.11,C-1138,2000/04/23 21:00,Lorem ipsum,Lorem ipsum,Lorem ipsum,c@gmail.com,http://example.org?a
claim-38.12,C-2138,2000/04/23 21:00,Lorem ipsum,Lorem ipsum,Lorem ipsum,c@gmail.com,http://example.org?a&b
claim-38.13,C-3138,2000/04/23 21:00,Lorem ipsum,Lorem ipsum,Lorem ipsum,c@gmail.com,http://example.org/
claim-38.14,C-4138,2000/04/23 21:00,Lorem ipsum,Lorem ipsum,Lorem ipsum,c@gmail.com,http://example.org/a
claim-38.15,C-5138,2000/04/23 21:00,Lorem ipsum,Lorem ipsum,Lorem ipsum,c@gmail.com,http://example.org/a/b
claim-38.16,C-6138,2000/04/23 21:00,Lorem ipsum,Lorem ipsum,Lorem ipsum,c@gmail.com,http://example.org/a/b?
claim-38.17,C-7138,2000/04/23 21:00,Lorem ipsum,Lorem ipsum,Lorem ipsum,c@gmail.com,http://example.org/a/b?a&b
