key,instantiationMoment,title,author,message,email,link
notice-01,2022/07/29 23:00,Lorem ipsum,"username - surname, name",Lorem ipsum,acme@lorem-ipsum.org,http://www.lorem-ipsum.org
# instantiationMoment data
notice-02,2000/01/01 00:00,Lorem ipsum,"username - surname, name",Lorem ipsum,acme@lorem-ipsum.org,http://www.lorem-ipsum.org
notice-03,2000/01/01 00:01,Lorem ipsum,"username - surname, name",Lorem ipsum,acme@lorem-ipsum.org,http://www.lorem-ipsum.org
notice-04,2022/07/30 00:00,Lorem ipsum,"username - surname, name",Lorem ipsum,acme@lorem-ipsum.org,http://www.lorem-ipsum.org
notice-05,2022/07/29 23:59,Lorem ipsum,"username - surname, name",Lorem ipsum,acme@lorem-ipsum.org,http://www.lorem-ipsum.org
notice-06,2016/02/29 12:34,Lorem ipsum,"username - surname, name",Lorem ipsum,acme@lorem-ipsum.org,http://www.lorem-ipsum.org
# title data
notice-07,2022/07/29 23:00,L,"username - surname, name",Lorem ipsum,acme@lorem-ipsum.org,http://www.lorem-ipsum.org
notice-08,2022/07/29 23:00,Lo,"username - surname, name",Lorem ipsum,acme@lorem-ipsum.org,http://www.lorem-ipsum.org
notice-09,2022/07/29 23:00,Lorem ipsum dolor sit amet consectetur adipiscing elit Sed euismod elit a,"username - surname, name",Lorem ipsum,acme@lorem-ipsum.org,http://www.lorem-ipsum.org
notice-10,2022/07/29 23:00,Lorem ipsum dolor sit amet consectetur adipiscing elit Sed euismod elit at,"username - usesurnamername, name",Lorem ipsum,acme@lorem-ipsum.org,http://www.lorem-ipsum.org
notice-11,2022/07/29 23:00,<h1>!</h1>,"username - surname, name",Lorem ipsum,acme@lorem-ipsum.org,http://www.lorem-ipsum.org
notice-12,2022/07/29 23:00,' or 'A'='A,"username - surname, name",Lorem ipsum,acme@lorem-ipsum.org,http://www.lorem-ipsum.org
notice-13,2022/07/29 23:00,국민경제의 발전을,"username - surname, name",Lorem ipsum,acme@lorem-ipsum.org,http://www.lorem-ipsum.org
notice-14,2022/07/29 23:00,العظمى واعتلاء,"username - surname, name",Lorem ipsum,acme@lorem-ipsum.org,http://www.lorem-ipsum.org
# author data
notice-15,2022/07/29 23:00,Lorem ipsum,"u - s, n",Lorem ipsum,acme@lorem-ipsum.org,http://www.lorem-ipsum.org
notice-16,2022/07/29 23:00,Lorem ipsum,"us - su, na",Lorem ipsum,acme@lorem-ipsum.org,http://www.lorem-ipsum.org
notice-17,2022/07/29 23:00,Lorem ipsum,"username - surname, nameeeeeeeeeeeeeeeeeeeeeeeeeeeeeeeeeeeeeeeeeeeeeeeeeee",Lorem ipsum,acme@lorem-ipsum.org,http://www.lorem-ipsum.org
notice-18,2022/07/29 23:00,Lorem ipsum,"username - surname, nameeeeeeeeeeeeeeeeeeeeeeeeeeeeeeeeeeeeeeeeeeeeeeeeee",Lorem ipsum,acme@lorem-ipsum.org,http://www.lorem-ipsum.org
notice-19,2022/07/29 23:00,Lorem ipsum,"username - surname, æ¨£æœ¬æ¨™é¡Œ",Lorem ipsum,acme@lorem-ipsum.org,http://www.lorem-ipsum.org
notice-20,2022/07/29 23:00,Lorem ipsum,"username - surname, 貸んい建濯よ芝弾テソ",Lorem ipsum,acme@lorem-ipsum.org,http://www.lorem-ipsum.org
# message data
notice-21,2022/07/29 23:00,Lorem ipsum,"username - surname, name",L,acme@lorem-ipsum.org,http://www.lorem-ipsum.org
notice-22,2022/07/29 23:00,Lorem ipsum,"username - surname, name",Lo,acme@lorem-ipsum.org,http://www.lorem-ipsum.org
notice-23,2022/07/29 23:00,Lorem ipsum,"username - surname, name",Lorem ipsum dolor sit amet consectetur adipiscing elit. Sed euismod elit at est porttitor tristique,acme@lorem-ipsum.org,http://www.lorem-ipsum.org
notice-24,2022/07/29 23:00,Lorem ipsum,"username - surname, name",Lorem ipsum dolor sit amet consectetur adipiscing elit. Sed euismod elit at est porttitor tristique,acme@lorem-ipsum.org,http://www.lorem-ipsum.org
notice-25,2022/07/29 23:00,Lorem ipsum,"username - surname, name",<h1>!</h1>,acme@lorem-ipsum.org,http://www.lorem-ipsum.org
notice-26,2022/07/29 23:00,Lorem ipsum,"username - surname, name",' or 'A'='A,acme@lorem-ipsum.org,http://www.lorem-ipsum.org
notice-27,2022/07/29 23:00,Lorem ipsum,"username - surname, name",국민경제의 발전을,acme@lorem-ipsum.org,http://www.lorem-ipsum.org
notice-28,2022/07/29 23:00,Lorem ipsum,"username - surname, name",العظمى واعتلاء,acme@lorem-ipsum.org,http://www.lorem-ipsum.org
# email data
notice-29,2022/07/29 23:00,Lorem ipsum,"username - surname, name",Lorem ipsum,a@b.es,http://www.lorem-ipsum.org
notice-30,2022/07/29 23:00,Lorem ipsum,"username - surname, name",Lorem ipsum,a@b.esx,http://www.lorem-ipsum.org
notice-31,2022/07/29 23:00,Lorem ipsum,"username - surname, name",Lorem ipsum,lorem-ipsum@dolor.sit.amett.consectetur.adipiscing.elitt.sed.do.eiusmod.tempor.incididunt.ut.labore.et.dolore.magna.aliqua.Ut.enim.ad.minim.veniam.quis.nostrud.exercitation.ullamco.laboris.nisi.ut.aliquip.ex.ea.commodo.consequat.duis.aute.irure.dolor.es,http://www.lorem-ipsum.org
notice-33,2022/07/29 23:00,Lorem ipsum,"username - surname, name",Lorem ipsum,lorem-ipsum@dolor.sit.amett.consectetur.adipiscing.elitt.sed.do.eiusmod.tempor.incididunt.ut.labore.et.dolore.magna.aliqua.Ut.enim.ad.minim.veniam.quis.nostrud.exercitation.ullamco.laboris.nisi.ut.aliquip.ex.ea.commodo.consequat.duis.aute.irure.dolor.org,http://www.lorem-ipsum.org
notice-35,2022/07/29 23:00,Lorem ipsum,"username - surname, name",Lorem ipsum,,http://www.lorem-ipsum.org
notice-36,2022/07/29 23:00,Lorem ipsum,"username - surname, name",Lorem ipsum,null,http://www.lorem-ipsum.org
# link data
notice-37,2022/07/29 23:00,Lorem ipsum,"username - surname, name",Lorem ipsum,acme@lorem-ipsum.org,ftp://a
notice-38,2022/07/29 23:00,Lorem ipsum,"username - surname, name",Lorem ipsum,acme@lorem-ipsum.org,ftp://a.b
notice-39,2022/07/29 23:00,Lorem ipsum,"username - surname, name",Lorem ipsum,acme@lorem-ipsum.org,"http://www.lorem-ipsum.org/dolor/sit/amet,/consectetur/adipiscing/elit,/sed/do/eiusmod/tempor/incididunt/ut/labore/et/dolore/magna/aliqua/Ut/enim/ad/minim/veniam/quis/nostrud/exercitation/ullamco/laboris/nisi/ut/aliquip/ex/ea/commodo/consequat/duis/aute/"
notice-40,2022/07/29 23:00,Lorem ipsum,"username - surname, name",Lorem ipsum,acme@lorem-ipsum.org,"http://www.lorem-ipsum.org/dolor/sit/amet,/consectetur/adipiscing/elit,/sed/do/eiusmod/tempor/incididunt/ut/labore/et/dolore/magna/aliqua/Ut/enim/ad/minim/veniam/quis/nostrud/exercitation/ullamco/laboris/nisi/ut/aliquip/ex/ea/commodo/consequat/duis/aute/X"
notice-41,2022/07/29 23:00,Lorem ipsum,"username - surname, name",Lorem ipsum,acme@lorem-ipsum.org,https://www.lorem-ipsum.org
notice-42,2022/07/29 23:00,Lorem ipsum,"username - surname, name",Lorem ipsum,acme@lorem-ipsum.org,ftp://www.lorem-ipsum.org
notice-43,2022/07/29 23:00,Lorem ipsum,"username - surname, name",Lorem ipsum,acme@lorem-ipsum.org,http://www.lorem-ipsum.org/dolor/sit.html
notice-44,2022/07/29 23:00,Lorem ipsum,"username - surname, name",Lorem ipsum,acme@lorem-ipsum.org,http://www.lorem-ipsum.org/dolor/sit.html#dolor
notice-45,2022/07/29 23:00,Lorem ipsum,"username - surname, name",Lorem ipsum,acme@lorem-ipsum.org,http://example.org?a=1&b=2
notice-46,2022/07/29 23:00,Lorem ipsum,"username - surname, name",Lorem ipsum,acme@lorem-ipsum.org,http://example.org?
notice-47,2022/07/29 23:00,Lorem ipsum,"username - surname, name",Lorem ipsum,acme@lorem-ipsum.org,http://example.org?a
notice-48,2022/07/29 23:00,Lorem ipsum,"username - surname, name",Lorem ipsum,acme@lorem-ipsum.org,http://example.org?a&b
notice-49,2022/07/29 23:00,Lorem ipsum,"username - surname, name",Lorem ipsum,acme@lorem-ipsum.org,http://example.org/
notice-50,2022/07/29 23:00,Lorem ipsum,"username - surname, name",Lorem ipsum,acme@lorem-ipsum.org,http://example.org/a
notice-51,2022/07/29 23:00,Lorem ipsum,"username - surname, name",Lorem ipsum,acme@lorem-ipsum.org,http://example.org/a/b
notice-52,2022/07/29 23:00,Lorem ipsum,"username - surname, name",Lorem ipsum,acme@lorem-ipsum.org,http://example.org/a/b?
notice-53,2022/07/29 23:00,Lorem ipsum,"username - surname, name",Lorem ipsum,acme@lorem-ipsum.org,http://example.org/a/b?a&b
notice-54,2022/07/29 23:00,Lorem ipsum,"username - surname, name",Lorem ipsum,acme@lorem-ipsum.org,
notice-55,2022/07/29 23:00,Lorem ipsum,"username - surname, name",Lorem ipsum,acme@lorem-ipsum.org,null